{
    "template_stats": {
        "0": {
            "count": 1,
            "sum_reward": -0.9999999999999991
        },
        "1": {
            "count": 1,
            "sum_reward": -0.5999999999999996
        },
        "2": {
            "count": 1,
            "sum_reward": -0.40000000000000036
        },
        "3": {
            "count": 0,
            "sum_reward": 0.0
        },
        "4": {
            "count": 0,
            "sum_reward": 0.0
        },
        "5": {
            "count": 1,
            "sum_reward": -1.3999999999999995
        }
    }
}